Problem Size,Fitness,FEvals,Time
50,929.0,206.0,0.0650895999999932
100,1818.0,384.0,0.1216583000000071
200,3483.0,651.0,0.4753161000000148
400,6506.0,578.0,0.28995109999999613
